tone,likes_ctr,reposts_ctr
negative,0.034030131016412654,0.002114009966610902
positive,0.019126092048046734,0.0016659218488777044
